Price,price,returns
Ticker,,
Date,,
2021-01-05,345.6836853027344,0.6887182737811637
2021-01-06,347.7503662109375,0.5978531808330079
2021-01-07,352.9170837402344,1.4857547342345123
2021-01-08,354.9278564453125,0.5697578263335501
2021-01-11,352.535400390625,-0.6740682680273502
2021-01-12,352.60980224609375,0.021104789869696994
2021-01-13,353.5594177246094,0.26931057289578675
2021-01-14,352.3211975097656,-0.35021559397639956
2021-01-15,349.75189208984375,-0.7292508762123728
2021-01-19,352.4981384277344,0.7851984220817787
2021-01-20,357.3762512207031,1.3838690935296327
2021-01-21,357.7021484375,0.09119162666340053
2021-01-22,356.4360046386719,-0.35396594746742727
2021-01-25,357.84173583984375,0.3943852985887064
2021-01-26,357.2831726074219,-0.15609225433442786
2021-01-27,348.5509948730469,-2.444049539374693
2021-01-28,351.548583984375,0.8600145044543428
2021-01-29,344.5107116699219,-2.00196292492133
2021-02-01,350.2453308105469,1.6645691835902587
2021-02-02,355.1978454589844,1.4140130396531614
2021-02-03,355.4771423339844,0.07863135392589538
2021-02-04,359.517333984375,1.1365545542151079
2021-02-05,360.9323425292969,0.3935856247152092
2021-02-08,363.5390319824219,0.7222099950528582
2021-02-09,363.2969970703125,-0.06657742107897269
2021-02-10,363.1387023925781,-0.043571700017031034
2021-02-11,363.7252502441406,0.1615217126949009
2021-02-12,365.5219421386719,0.4939695259884358
2021-02-16,365.2054138183594,-0.08659625697448048
2021-02-17,365.2891845703125,0.02293798196397745
2021-02-18,363.7345275878906,-0.4255962257000867
2021-02-19,363.0921630859375,-0.17660256402188823
2021-02-22,360.29931640625,-0.7691839603341966
2021-02-23,360.73681640625,0.12142681933560162
2021-02-24,364.7120056152344,1.101963821876062
2021-02-25,355.9240417480469,-2.409562540274224
2021-02-26,354.0899963378906,-0.5152912405547827
2021-03-01,362.6732177734375,2.42402257175216
2021-03-02,359.84320068359375,-0.7803214991220164
2021-03-03,355.0768127441406,-1.3245735727112296
2021-03-04,350.6828308105469,-1.2374736327150582
2021-03-05,357.13421630859375,1.8396639160051187
2021-03-08,355.3561096191406,-0.49788191896927847
2021-03-09,360.42974853515625,1.427761836275554
2021-03-10,362.6732177734375,0.6224428608901045
2021-03-11,366.35040283203125,1.0139113886515005
2021-03-12,366.8438415527344,0.13469037208329038
2021-03-15,369.0315246582031,0.5963526868023594
2021-03-16,368.56597900390625,-0.1261533563367112
2021-03-17,369.8228454589844,0.34101532064216844
2021-03-18,364.4420471191406,-1.4549664537802376
2021-03-19,363.7677001953125,-0.18503543407208944
2021-03-22,366.6723937988281,0.7985023414547321
2021-03-23,363.78631591796875,-0.7870998552573893
2021-03-24,361.93701171875,-0.5083490275197056
2021-03-25,363.97320556640625,0.5625823780736949
2021-03-26,369.83856201171875,1.6114802836063147
2021-03-29,369.65179443359375,-0.05049975781570293
2021-03-30,368.6711120605469,-0.2652989618377344
2021-03-31,370.16546630859375,0.4053353244019453
2021-04-01,374.16290283203125,1.079905309185425
2021-04-05,379.5333557128906,1.435324785063008
2021-04-06,379.3092041015625,-0.059059792230142794
2021-04-07,379.7481384277344,0.11571939763801442
2021-04-08,381.55072021484375,0.47467824189280083
2021-04-09,384.32464599609375,0.7270136404638583
2021-04-12,384.4647216796875,0.03644722893862973
2021-04-13,385.604248046875,0.29639295959562606
2021-04-14,384.28729248046875,-0.3415303573746309
2021-04-15,388.41552734375,1.0742574485444578
2021-04-16,389.71368408203125,0.33421854866588774
2021-04-19,387.7990417480469,-0.4912946124779549
2021-04-20,384.9598083496094,-0.7321403852983632
2021-04-21,388.602294921875,0.9461991858011443
2021-04-22,385.05316162109375,-0.9133073445937279
2021-04-23,389.2280578613281,1.084238919804692
2021-04-26,390.0405578613281,0.20874651341025174
2021-04-27,389.95654296875,-0.02154004010218591
2021-04-28,389.8444519042969,-0.028744501528243926
2021-04-29,392.32891845703125,0.6372968861294126
2021-04-30,389.7510070800781,-0.6570791128759135
2021-05-03,390.59161376953125,0.21567787489524815
2021-05-04,388.1819763183594,-0.6169199148739701
2021-05-05,388.303466796875,0.031297300216737156
2021-05-06,391.4042663574219,0.7985505733763887
2021-05-07,394.25286865234375,0.7277903027047117
2021-05-10,390.3488464355469,-0.9902330527465364
2021-05-11,386.8650817871094,-0.8924746877695067
2021-05-12,378.64599609375,-2.12453542082206
2021-05-13,383.19439697265625,1.201227776294811
2021-05-14,389.07867431640625,1.5355854339827113
2021-05-17,388.08868408203125,-0.2544447433708297
2021-05-18,384.7449035644531,-0.8616021684547115
2021-05-19,383.73626708984375,-0.26215720215262417
2021-05-20,387.8644714355469,1.0757920738142301
2021-05-21,387.5469055175781,-0.08187548521610966
2021-05-24,391.4976806640625,1.019431477902799
2021-05-25,390.6290588378906,-0.2218715126737214
2021-05-26,391.4042663574219,0.19845106296942916
2021-05-27,391.6097717285156,0.05250463236037284
2021-05-28,392.3101806640625,0.17885379429001258
2021-06-01,391.9646911621094,-0.08806539289097914
2021-06-02,392.5810546875,0.15724975725828205
2021-06-03,391.12396240234375,-0.3711570560418709
2021-06-04,394.7012023925781,0.914605172299443
2021-06-07,394.3182373046875,-0.09702658253109009
2021-06-08,394.40228271484375,0.02131410678103407
2021-06-09,393.8139343261719,-0.14917469154134277
2021-06-10,395.6445007324219,0.46483027813177813
2021-06-11,396.2983093261719,0.16525153074027354
2021-06-14,397.1856384277344,0.22390433687977662
2021-06-15,396.4571228027344,-0.18341942772247544
2021-06-16,394.2435607910156,-0.5583357907836484
2021-06-17,394.11273193359375,-0.03318477977405365
2021-06-18,388.7960510253906,-1.3490254126321766
2021-06-21,394.3619689941406,1.4315778038564764
2021-06-22,396.4703674316406,0.5346353358762546
2021-06-23,395.99249267578125,-0.12053227557838886
2021-06-24,398.3350830078125,0.5915744301620451
2021-06-25,399.74993896484375,0.3551924039298049
2021-06-28,400.555908203125,0.2016183518046999
2021-06-29,400.77142333984375,0.053804008954849714
2021-06-30,401.1087341308594,0.08416537990774131
2021-07-01,403.3294677734375,0.5536487873768481
2021-07-02,406.4123840332031,0.7643667289634726
2021-07-06,405.6720275878906,-0.18216877103135465
2021-07-07,407.1058044433594,0.3534325164083807
2021-07-08,403.78863525390625,-0.8148174634819427
2021-07-09,408.0989685058594,1.0674726516863853
2021-07-12,409.560791015625,0.3582029415849064
2021-07-13,408.16455078125,-0.3409115972533905
2021-07-14,408.773681640625,0.14923659053904803
2021-07-15,407.3775329589844,-0.34154563866175547
2021-07-16,404.1821594238281,-0.7843764755377292
2021-07-19,398.2132873535156,-1.4767777179530372
2021-07-20,403.91986083984375,1.4330444682681076
2021-07-21,407.19012451171875,0.8096318079223286
2021-07-22,408.0428161621094,0.20940872557091428
2021-07-23,412.24072265625,1.0287906876107922
2021-07-26,413.25274658203125,0.2454934387025931
2021-07-27,411.3692321777344,-0.45577783084933543
2021-07-28,411.2005920410156,-0.040994834695340376
2021-07-29,412.906005859375,0.414740117443535
2021-07-30,410.90081787109375,-0.4856281962060338
2021-08-02,410.0387268066406,-0.2098051468769735
2021-08-03,413.37457275390625,0.8135441189287107
2021-08-04,411.34112548828125,-0.49191396850516433
2021-08-05,413.9461975097656,0.6333118329445053
2021-08-06,414.63018798828125,0.165236565193827
2021-08-09,414.2928466796875,-0.08135956289879731
2021-08-10,414.8082580566406,0.12440750089792729
2021-08-11,415.8389892578125,0.24848377079107475
2021-08-12,417.085205078125,0.299687103062829
2021-08-13,417.8442077636719,0.18197784920341853
2021-08-16,418.8280944824219,0.2354673585200251
2021-08-17,416.0826416015625,-0.6555082901618992
2021-08-18,411.5285949707031,-1.094505315898353
2021-08-19,412.1658020019531,0.1548390656292975
2021-08-20,415.4454040527344,0.7956997001817401
2021-08-23,419.09991455078125,0.8796608320603694
2021-08-24,419.7652282714844,0.15874823582731068
2021-08-25,420.64599609375,0.2098239117833689
2021-08-26,418.16278076171875,-0.5903337616644744
2021-08-27,421.901611328125,0.8941088825733523
2021-08-30,423.7569885253906,0.4397653735962237
2021-08-31,423.12908935546875,-0.1481743515562739
2021-09-01,423.3540344238281,0.05316227931813078
2021-09-02,424.6565246582031,0.307659813883121
2021-09-03,424.5533752441406,-0.02429008105916397
2021-09-07,423.0354919433594,-0.3575247281707217
2021-09-08,422.52008056640625,-0.12183643849489334
2021-09-09,420.7116394042969,-0.42801306855879684
2021-09-10,417.39447021484375,-0.7884662269268428
2021-09-13,418.4626159667969,0.2559079787049612
2021-09-14,416.2044677734375,-0.5396296125861233
2021-09-15,419.6808776855469,0.8352649193573258
2021-09-16,419.0155029296875,-0.1585430242923569
2021-09-17,414.9339294433594,-0.9740865093989193
2021-09-20,408.0152282714844,-1.6674223727995763
2021-09-21,407.6297912597656,-0.09446632993371784
2021-09-22,411.6061706542969,0.9754879255126081
2021-09-23,416.6072082519531,1.2150054965664125
2021-09-24,417.2933654785156,0.16470123727372332
2021-09-27,416.0995788574219,-0.28607850492059494
2021-09-28,407.7143859863281,-2.015188982915783
2021-09-29,408.4006652832031,0.16832354227942492
2021-09-30,403.40899658203125,-1.222247935788845
2021-10-01,408.203125,1.1884039420508863
2021-10-04,402.93902587890625,-1.2895783492822943
2021-10-05,407.1314697265625,1.0404660701483381
2021-10-06,408.8236999511719,0.41564711903649965
2021-10-07,412.3581848144531,0.8645498936836082
2021-10-08,411.6061706542969,-0.18236916056234564
2021-10-11,408.62615966796875,-0.7239957023946086
2021-10-12,407.620361328125,-0.24614144641670332
2021-10-13,409.0868225097656,0.3597615135962684
2021-10-14,415.9679260253906,1.6820643288896875
2021-10-15,419.1358337402344,0.7615749957246454
2021-10-18,420.3767395019531,0.29606291369681514
2021-10-19,423.619873046875,0.7714826345444958
2021-10-20,425.28369140625,0.39276211179801734
2021-10-21,426.39300537109375,0.260840936828699
2021-10-22,425.951171875,-0.10362118761990669
2021-10-25,428.2354431152344,0.5362753740479675
2021-10-26,428.6208190917969,0.08999161156746371
2021-10-27,426.7220458984375,-0.442996025573994
2021-10-28,430.83935546875,0.9648691952729438
2021-10-29,431.7135925292969,0.20291485665131503
2021-11-01,432.4562072753906,0.17201560454536136
2021-11-02,434.2047424316406,0.4043265252836381
2021-11-03,436.8556213378906,0.6105135773977199
2021-11-04,438.91436767578125,0.47126470104370544
2021-11-05,440.4371643066406,0.3469461797122708
2021-11-08,440.8132019042969,0.08537826235626156
2021-11-09,439.356201171875,-0.3305256571553894
2021-11-10,435.82159423828125,-0.8044968807009112
2021-11-11,435.9625549316406,0.03234366888262841
2021-11-12,439.252685546875,0.7546819280729977
2021-11-15,439.40313720703125,0.034251733707435505
2021-11-16,441.14227294921875,0.39579502168372027
2021-11-17,440.0705871582031,-0.24293427692860803
2021-11-18,441.56524658203125,0.3396408365939685
2021-11-19,440.775634765625,-0.17882109665973145
2021-11-22,439.5347595214844,-0.28152083424494156
2021-11-23,440.11761474609375,0.1326073107946968
2021-11-24,441.2926330566406,0.26697825108061846
2021-11-26,431.4504089355469,-2.230316888120465
2021-11-29,436.7427978515625,1.2266505736018951
2021-11-30,428.2447814941406,-1.945771378309058
2021-12-01,423.48822021484375,-1.110710856230701
2021-12-02,429.9745788574219,1.5316503111438395
2021-12-03,426.2332458496094,-0.8701288847713706
2021-12-06,431.2812194824219,1.1843218899432406
2021-12-07,440.2021789550781,2.068478540141916
2021-12-08,441.36785888671875,0.2648055796560689
2021-12-09,438.38787841796875,-0.675169342023807
2021-12-10,442.5146789550781,0.9413582674780985
2021-12-13,438.5947570800781,-0.8858286654481629
2021-12-14,435.5771484375,-0.6880174908308723
2021-12-15,442.383056640625,1.5625035031197276
2021-12-16,438.4819641113281,-0.8818358819890237
2021-12-17,433.81524658203125,-1.064289505899041
2021-12-20,429.2022399902344,-1.0633574149691793
2021-12-21,436.8244323730469,1.775897624156375
2021-12-22,441.192138671875,0.9998768326900942
2021-12-23,443.937255859375,0.622204465329701
2021-12-27,450.2199401855469,1.415218984946387
2021-12-28,449.8520202636719,-0.08172004148091494
2021-12-29,450.4274597167969,0.12791749891170046
2021-12-30,449.18218994140625,-0.2764640007013708
2021-12-31,448.05023193359375,-0.25200420523354694
2022-01-03,450.64447021484375,0.5790061239460575
2022-01-04,450.4934997558594,-0.033501012208669856
2022-01-05,441.8430480957031,-1.9202167544802085
2022-01-06,441.4279479980469,-0.09394740948064362
2022-01-07,439.6828308105469,-0.3953345490276261
2022-01-10,439.1357116699219,-0.12443495681111472
2022-01-11,443.1354675292969,0.9108245476472376
2022-01-12,444.3334045410156,0.2703320089447736
2022-01-13,438.211181640625,-1.3778443929316375
2022-01-14,438.390380859375,0.040893346919879114
2022-01-18,430.626708984375,-1.7709494126629588
2022-01-19,426.15521240234375,-1.0383695411223304
2022-01-20,421.43853759765625,-1.1067973985577795
2022-01-21,413.1654357910156,-1.9630624797153384
2022-01-24,414.9200134277344,0.42466709088566645
2022-01-25,409.85430908203125,-1.2208869617674867
2022-01-26,408.8260803222656,-0.2508766498194426
2022-01-27,406.80731201171875,-0.493796361757437
2022-01-28,416.9105529785156,2.4835445844950454
2022-01-31,424.41949462890625,1.8010917681850147
2022-02-01,427.28729248046875,0.6756988988147139
2022-02-02,431.43804931640625,0.9714206130123193
2022-02-03,421.29705810546875,-2.3505092392767435
2022-02-04,423.278076171875,0.47021882263187376
2022-02-07,421.9196472167969,-0.32093062021160135
2022-02-08,425.3911437988281,0.822786188064728
2022-02-09,431.6172180175781,1.4636116218005535
2022-02-10,423.86297607421875,-1.7965552854852906
2022-02-11,415.5049133300781,-1.9718784644868648
2022-02-14,414.146484375,-0.32693451063934287
2022-02-15,420.82537841796875,1.612688817834118
2022-02-16,421.29705810546875,0.11208442068613156
2022-02-17,412.2975158691406,-2.136151217575122
2022-02-18,409.62786865234375,-0.6475050452751652
2022-02-22,405.2319030761719,-1.0731607667794685
2022-02-23,398.04364013671875,-1.7738640232632275
2022-02-24,404.0338134765625,1.5049036677953875
2022-02-25,412.9484558105469,2.206409967838363
2022-02-28,411.8918762207031,-0.2558623418920103
2022-03-01,405.6187438964844,-1.5230046248490337
2022-03-02,413.08050537109375,1.8395997687211452
2022-03-03,411.0240783691406,-0.49782717296370516
2022-03-04,407.6846008300781,-0.8124773498216609
2022-03-07,395.6664123535156,-2.9479132771001226
2022-03-08,392.66656494140625,-0.7581759073926886
2022-03-09,403.19427490234375,2.6810813297812652
2022-03-10,401.37359619140625,-0.451563631794738
2022-03-11,396.2701416015625,-1.2714973377097816
2022-03-14,393.37408447265625,-0.7308290039722776
2022-03-15,402.0245666503906,2.199047298535417
2022-03-16,410.9391174316406,2.217414437014309
2022-03-17,416.08038330078125,1.2511015990089858
2022-03-18,420.6375732421875,1.0952667139108696
2022-03-21,420.5146179199219,-0.02923070360022484
2022-03-22,425.4352111816406,1.1701360789925674
2022-03-23,419.95623779296875,-1.2878514153668918
2022-03-24,426.2868957519531,1.5074565845847099
2022-03-25,428.36865234375,0.4883463724881132
2022-03-28,431.4156799316406,0.7113096561149668
2022-03-29,436.7526550292969,1.2370841733202464
2022-03-30,434.0557556152344,-0.6174889569661834
2022-03-31,427.3751220703125,-1.5391187557120878
2022-04-01,428.5863037109375,0.28340012744723087
2022-04-04,432.2578430175781,0.856662771266925
2022-04-05,426.7977600097656,-1.2631541789261291
2022-04-06,422.5301513671875,-0.9999135521424618
2022-04-07,424.65924072265625,0.5038905149324036
2022-04-08,423.5237121582031,-0.2673975874210921
2022-04-11,416.2847900390625,-1.709212946366645
2022-04-12,414.7423095703125,-0.37053490919167764
2022-04-13,419.49267578125,1.1453777686339928
2022-04-14,414.2691345214844,-1.245204400777078
2022-04-18,414.439453125,0.041113032404016536
2022-04-19,421.1296691894531,1.614280690220693
2022-04-20,420.8173828125,-0.07415444690804796
2022-04-21,414.52471923828125,-1.4953430707073556
2022-04-22,403.1504821777344,-2.7439225051398286
2022-04-25,405.4878234863281,0.5797689478052703
2022-04-26,393.7445068359375,-2.896096003431925
2022-04-27,394.8515930175781,0.2811686670975977
2022-04-28,404.8253479003906,2.5259502707308368
2022-04-29,389.8648376464844,-3.6955468158054616
2022-05-02,392.2115173339844,0.6019213483489105
2022-05-03,394.0094299316406,0.45840382502722044
2022-05-04,406.00823974609375,3.045310315678207
2022-05-05,391.5775451660156,-3.5542861369273426
2022-05-06,389.240234375,-0.5968960222233033
2022-05-09,376.77783203125,-3.2017251155345705
2022-05-10,377.64837646484375,0.23104980165646882
2022-05-11,371.6490783691406,-1.5885936414879898
2022-05-12,371.26104736328125,-0.10440790208928741
2022-05-13,380.1369934082031,2.390756075262779
2022-05-16,378.5946044921875,-0.40574554509599237
2022-05-17,386.3824768066406,2.0570478876472897
2022-05-18,370.80682373046875,-4.031148929139061
2022-05-19,368.5357360839844,-0.6124719129050327
2022-05-20,368.69659423828125,0.04364791214175323
2022-05-23,375.5949401855469,1.871008860691381
2022-05-24,372.7277526855469,-0.7633722378111885
2022-05-25,376.020751953125,0.8834864707153445
2022-05-26,383.5342102050781,1.9981498927723385
2022-05-27,392.9496765136719,2.45492215767642
2022-05-31,390.74481201171875,-0.5611060738146212
2022-06-01,387.5843200683594,-0.808837851765154
2022-06-02,394.96527099609375,1.9043471434635473
2022-06-03,388.4832458496094,-1.6411633180144825
2022-06-06,389.6661071777344,0.30448194118077865
2022-06-07,393.4038391113281,0.9592140206047928
2022-06-08,389.12664794921875,-1.0872265943746906
2022-06-09,379.8721008300781,-2.378286649838579
2022-06-10,368.85748291015625,-2.8995595875172864
2022-06-13,354.8526306152344,-3.796819352674774
2022-06-14,353.7833251953125,-0.3013378872429251
2022-06-15,358.8269348144531,1.4256210680241077
2022-06-16,346.95123291015625,-3.3095904326239434
2022-06-17,347.69921875,0.2155881774996926
2022-06-21,356.45208740234375,2.5173679376706337
2022-06-22,355.8057861328125,-0.1813150469229141
2022-06-23,359.2936096191406,0.9802604741864007
2022-06-24,370.7169494628906,3.179388538487782
2022-06-27,369.3008728027344,-0.38198325223810503
2022-06-28,361.75506591796875,-2.043268088563732
2022-06-29,361.46044921875,-0.08144093254676132
2022-06-30,358.5238952636719,-0.8124136296032147
2022-07-01,362.31573486328125,1.057625349300828
2022-07-05,363.0,0.1888587965899191
2022-07-06,364.2259826660156,0.3377362716296517
2022-07-07,369.6810607910156,1.4977180060221418
2022-07-08,369.376953125,-0.08226217090074872
2022-07-11,365.1573791503906,-1.1423490120081814
2022-07-12,361.9260559082031,-0.8849124861466051
2022-07-13,360.02532958984375,-0.5251697929262833
2022-07-14,359.1510925292969,-0.242826542661001
2022-07-15,366.0126953125,1.9105058917907591
2022-07-18,362.9905090332031,-0.825705315143932
2022-07-19,372.7981872558594,2.701910374675709
2022-07-20,375.1741638183594,0.6373358679636842
2022-07-21,378.99462890625,1.018317745819064
2022-07-22,375.4783020019531,-0.927803888526002
2022-07-25,375.9344482421875,0.12148404789367184
2022-07-26,371.4867248535156,-1.183111419948013
2022-07-27,381.13287353515625,2.596633482783073
2022-07-28,385.91326904296875,1.2542595613630692
2022-07-29,391.5393981933594,1.4578739840542143
2022-08-01,390.3799133300781,-0.29613491480841025
2022-08-02,387.8044738769531,-0.6597264267916847
2022-08-03,393.8773498535156,1.5659633618588353
2022-08-04,393.6111755371094,-0.06757796976780694
2022-08-05,392.9458923339844,-0.16902040502716487
2022-08-08,392.4897155761719,-0.11609149420113152
2022-08-09,390.93109130859375,-0.3971121294962021
2022-08-10,399.1422424316406,2.1004088202759785
2022-08-11,399.1422424316406,0.0
2022-08-12,405.89935302734375,1.6929079103573885
2022-08-15,407.572021484375,0.41208946123119095
2022-08-16,408.3703308105469,0.1958695111760722
2022-08-17,405.4716491699219,-0.7098169043945002
2022-08-18,406.650146484375,0.29064851189120056
2022-08-19,401.1855773925781,-1.3438010877507067
2022-08-22,392.8318786621094,-2.0822530024039887
2022-08-23,391.88153076171875,-0.2419222960283407
2022-08-24,393.135986328125,0.32011091820731696
2022-08-25,398.6861267089844,1.4117609615689197
2022-08-26,385.19097900390625,-3.3849052678295743
2022-08-29,382.64398193359375,-0.6612296780415194
2022-08-30,378.4433898925781,-1.0977807673307693
2022-08-31,375.56378173828125,-0.7609085615458255
2022-09-01,376.7422790527344,0.3137941867020544
2022-09-02,372.7697448730469,-1.054443422085749
2022-09-06,371.3632507324219,-0.3773090922665978
2022-09-07,378.03472900390625,1.7964831625979505
2022-09-08,380.50567626953125,0.653629700143088
2022-09-09,386.41693115234375,1.5535260710868526
2022-09-12,390.57000732421875,1.0747655801442324
2022-09-13,373.5870361328125,-4.348252777461326
2022-09-14,375.0125732421875,0.3815809895684419
2022-09-15,370.7549743652344,-1.1353216347238404
2022-09-16,367.926513671875,-0.7628921764844754
2022-09-19,370.7796936035156,0.7754754891584614
2022-09-20,366.52374267578125,-1.1478381910216995
2022-09-21,360.13018798828125,-1.7443766782539893
2022-09-22,357.10516357421875,-0.839980794434525
2022-09-23,351.1219482421875,-1.6754771261625057
2022-09-26,347.64837646484375,-0.9892778832919502
2022-09-27,346.7608642578125,-0.25529019178980317
2022-09-28,353.5838928222656,1.967646660201039
2022-09-29,346.1979675292969,-2.088874929798179
2022-09-30,340.84454345703125,-1.546347631810574
2022-10-03,349.84320068359375,2.640105995329489
2022-10-04,360.68365478515625,3.0986607944302635
2022-10-05,359.8439025878906,-0.23282236001679335
2022-10-06,356.1318359375,-1.0315769209077952
2022-10-07,346.1979675292969,-2.7893794953918416
2022-10-10,343.5545959472656,-0.7635433566800298
2022-10-11,341.3788146972656,-0.6333145519421213
2022-10-12,340.2528076171875,-0.32984093669569114
2022-10-13,349.232421875,2.639100708880937
2022-10-14,341.2738342285156,-2.2788799515678915
2022-10-17,350.0436096191406,2.5697180712520806
2022-10-18,354.1564636230469,1.174954745890422
2022-10-19,351.646728515625,-0.7086515044077091
2022-10-20,348.697998046875,-0.8385490976120291
2022-10-21,357.1719055175781,2.4301566163749566
2022-10-24,361.54248046875,1.2236614592736395
2022-10-25,367.3157653808594,1.5968482886503876
2022-10-26,364.5483703613281,-0.75341035707025
2022-10-27,362.6016845703125,-0.5339993123782527
2022-10-28,371.22821044921875,2.37906392771694
2022-10-31,368.54681396484375,-0.7223040730472197
2022-11-01,366.9339904785156,-0.43761699334130544
2022-11-02,357.7253723144531,-2.509611647602783
2022-11-03,354.0419616699219,-1.0296755359285537
2022-11-04,359.1376953125,1.4393021715682908
2022-11-07,362.5730895996094,0.9565674480703334
2022-11-08,364.529296875,0.5395346018511438
2022-11-09,357.0192565917969,-2.0602021147777205
2022-11-10,376.6389465332031,5.49541504531188
2022-11-11,380.2842102050781,0.9678403429671967
2022-11-14,377.04931640625,-0.8506516210819326
2022-11-15,380.26513671875,0.8528911663733485
2022-11-16,377.3642578125,-0.7628569190647472
2022-11-17,376.20953369140625,-0.30599721547224235
2022-11-18,377.91766357421875,0.45403684113269893
2022-11-21,376.5435791015625,-0.36359360916360384
2022-11-22,381.6107177734375,1.3456978031507694
2022-11-23,384.01544189453125,0.6301510961548518
2022-11-25,383.9295959472656,-0.022354816473557637
2022-11-28,377.8031921386719,-1.5957102222031505
2022-11-29,377.1542663574219,-0.17176291644772634
2022-11-30,389.0348815917969,3.1500678354029255
2022-12-01,388.7486267089844,-0.07358077549274311
2022-12-02,388.3000793457031,-0.11538236599791807
2022-12-05,381.3148498535156,-1.7989255897031486
2022-12-06,375.81829833984375,-1.4414732381346829
2022-12-07,375.1789245605469,-0.17012843230924668
2022-12-08,378.1180419921875,0.7833908674596435
2022-12-09,375.29345703125,-0.7470114216332147
2022-12-12,380.7041320800781,1.4417184599031296
2022-12-13,383.5860290527344,0.7569912511614207
2022-12-14,381.133544921875,-0.6393570008052074
2022-12-15,371.8103942871094,-2.446163755194175
2022-12-16,367.4207458496094,-1.1806147716543758
2022-12-19,364.3050842285156,-0.8479819542821954
2022-12-20,364.8036804199219,0.13686226544493696
2022-12-21,370.25836181640625,1.4952374905334187
2022-12-22,364.9761962890625,-1.4266161340504513
2022-12-23,367.07568359375,0.5752395159011048
2022-12-27,365.6280822753906,-0.39436045019027866
2022-12-28,361.0841064453125,-1.2427863313451915
2022-12-29,367.583740234375,1.8000331980956075
2022-12-30,366.61541748046875,-0.26342915856094606
2023-01-03,365.07208251953125,-0.4209683737645076
2023-01-04,367.8905029296875,0.772017512460832
2023-01-05,363.6916198730469,-1.1413404323305176
2023-01-06,372.03179931640625,2.29320088438405
2023-01-09,371.8209533691406,-0.05667417345857073
2023-01-10,374.42840576171875,0.7012655873617435
2023-01-11,379.1641845703125,1.2648022253972657
2023-01-12,380.5445556640625,0.3640562980162132
2023-01-13,382.02093505859375,0.3879649235698279
2023-01-17,381.32110595703125,-0.18319129590507188
2023-01-18,375.30084228515625,-1.5787910970114005
2023-01-19,372.5686950683594,-0.7279885651631401
2023-01-20,379.50927734375,1.8629000147522223
2023-01-23,384.0628662109375,1.1998623324991797
2023-01-24,383.650634765625,-0.10733436673517893
2023-01-25,383.79443359375,0.03748171255153476
2023-01-26,388.0124816894531,1.0990383722365271
2023-01-27,388.9040222167969,0.22977109485289304
2023-01-30,384.0245056152344,-1.254684015287033
2023-01-31,389.6710205078125,1.4703527535389949
2023-02-01,393.8122863769531,1.0627595205165097
2023-02-02,399.5450439453125,1.4557081550452322
2023-02-03,395.2982177734375,-1.0629154925661632
2023-02-06,392.88238525390625,-0.6111417686471499
2023-02-07,398.0207824707031,1.3078716200208618
2023-02-08,393.66845703125,-1.0934920062304787
2023-02-09,390.2557373046875,-0.8669019997941008
2023-02-10,391.1664123535156,0.2333534043900798
2023-02-13,395.75836181640625,1.17391200212269
2023-02-14,395.5762023925781,-0.04602794063328641
2023-02-15,396.86083984375,0.32475094391470893
2023-02-16,391.396484375,-1.3768945988476444
2023-02-17,390.4186706542969,-0.24982690436388122
2023-02-21,382.5865173339844,-2.0060908734684024
2023-02-22,382.0592956542969,-0.13780456336031088
2023-02-23,384.09161376953125,0.5319378793686713
2023-02-24,379.9886169433594,-1.0682339002157537
2023-02-27,381.2827453613281,0.3405703119158554
2023-02-28,379.87359619140625,-0.36958115389839064
2023-03-01,378.41644287109375,-0.38358899774079136
2023-03-02,381.3594970703125,0.7777289424554024
2023-03-03,387.47564697265625,1.6037754269473625
2023-03-06,387.7441101074219,0.06928516330333423
2023-03-07,381.8004455566406,-1.5328832587900854
2023-03-08,382.4235534667969,0.16320250995196517
2023-03-09,375.367919921875,-1.8449788149710433
2023-03-10,369.9515686035156,-1.4429446500080934
2023-03-13,369.42431640625,-0.14251924900761104
2023-03-14,375.5309143066406,1.6530037761984584
2023-03-15,373.1822204589844,-0.6254328893249061
2023-03-16,379.7297058105469,1.7545008825740949
2023-03-17,375.28973388671875,-1.1692453489649535
2023-03-20,378.8982849121094,0.9615373668814042
2023-03-21,383.8734130859375,1.3130511200340145
2023-03-22,377.329833984375,-1.7046189911822829
2023-03-23,378.3498840332031,0.2703337920717752
2023-03-24,380.8326110839844,0.6561987080094811
2023-03-27,381.544677734375,0.18697628030430735
2023-03-28,380.688232421875,-0.2244678965476865
2023-03-29,386.2214660644531,1.4534816606693202
2023-03-30,388.4829406738281,0.5855383007110193
2023-03-31,393.95849609375,1.4094712654368902
2023-04-03,395.45965576171875,0.3810451311123675
2023-04-04,393.265625,-0.5548052069920262
2023-04-05,392.23590087890625,-0.2618393410544706
2023-04-06,393.7660217285156,0.39010219262967105
2023-04-10,394.1701354980469,0.10262789251274107
2023-04-11,394.2760009765625,0.02685781315772129
2023-04-12,392.6689147949219,-0.4076043628473691
2023-04-13,397.8846130371094,1.3282686878617556
2023-04-14,396.9127197265625,-0.24426511574002774
2023-04-17,398.33697509765625,0.35883339089635147
2023-04-18,398.59674072265625,0.0652125314091867
2023-04-19,398.5294189453125,-0.016889695892063905
2023-04-20,396.3546142578125,-0.5457074394295658
2023-04-21,396.6625061035156,0.07768090357158641
2023-04-24,397.0762939453125,0.10431735680329624
2023-04-25,390.773193359375,-1.5873777110465337
2023-04-26,389.1180114746094,-0.4235658721972402
2023-04-27,396.8645935058594,1.9908053091383326
2023-04-28,400.251953125,0.8535303160246865
2023-05-01,399.8477478027344,-0.10098772013721335
2023-05-02,395.353759765625,-1.1239248093318
2023-05-03,392.6400451660156,-0.6864016169261022
2023-05-04,389.8590087890625,-0.7082915793210187
2023-05-05,397.0762939453125,1.8512551957353907
2023-05-08,397.1820983886719,0.026645872587383046
2023-05-09,395.4403991699219,-0.4385140281538136
2023-05-10,397.28802490234375,0.46723241638948476
2023-05-11,396.59521484375,-0.17438483295942886
2023-05-12,396.07550048828125,-0.13104403079434723
2023-05-15,397.44195556640625,0.3449986369872482
2023-05-16,394.7860107421875,-0.6682598017196506
2023-05-17,399.57830810546875,1.213897461632918
2023-05-18,403.42755126953125,0.9633263583083362
2023-05-19,402.8405456542969,-0.14550459268019011
2023-05-22,403.0041198730469,0.04060520235973364
2023-05-23,398.48126220703125,-1.1222857144588039
2023-05-24,395.59429931640625,-0.724491504226632
2023-05-25,399.0201721191406,0.8660066155286694
2023-05-26,404.187744140625,1.295065358234937
2023-05-30,404.3416442871094,0.03807640105752963
2023-05-31,402.099609375,-0.5544902296824472
2023-06-01,405.919921875,0.9500910746812474
2023-06-02,411.78997802734375,1.446111864928712
2023-06-05,411.0008850097656,-0.1916251146660275
2023-06-06,411.8957824707031,0.21773613964755079
2023-06-07,410.47161865234375,-0.34575829104553923
2023-06-08,412.954345703125,0.6048474335284215
2023-06-09,413.6953430175781,0.17943807158427028
2023-06-12,417.44830322265625,0.9071797080680843
2023-06-13,420.2004699707031,0.6592832517944069
2023-06-14,420.7009582519531,0.1191070255787352
2023-06-15,425.9166259765625,1.2397565592151105
2023-06-16,424.46588134765625,-0.3406170457844637
2023-06-20,422.2637023925781,-0.5188117707096596
2023-06-21,420.10009765625,-0.5123823629805235
2023-06-22,421.6165466308594,0.3609732497254159
2023-06-23,418.4290771484375,-0.756011477228058
2023-06-26,416.7195129394531,-0.4085672584312028
2023-06-27,421.2881164550781,1.0963257955930672
2023-06-28,421.5005798339844,0.05043184713919846
2023-06-29,423.16192626953125,0.39415045080157807
2023-06-30,428.155517578125,1.1800663052594862
2023-07-03,428.648193359375,0.11506935237850513
2023-07-05,428.0106506347656,-0.14873332828323482
2023-07-06,424.6590270996094,-0.7830701245834848
2023-07-07,423.5869140625,-0.2524644405729082
2023-07-10,424.6590270996094,0.2531034367485585
2023-07-11,427.3634948730469,0.6368563013740225
2023-07-12,430.8020324707031,0.8045931949984819
2023-07-13,434.22125244140625,0.7936870564638321
2023-07-14,433.9508056640625,-0.062283173802102354
2023-07-17,435.45758056640625,0.3472225152429287
2023-07-18,438.69329833984375,0.7430615329347967
2023-07-19,439.6688232421875,0.22237059604863774
2023-07-20,436.7518310546875,-0.6634521333556576
2023-07-21,436.7518310546875,0.0
2023-07-24,438.70294189453125,0.4467321488114129
2023-07-25,439.900634765625,0.27300771358440556
2023-07-26,439.9682922363281,0.015380171192336256
2023-07-27,437.05126953125,-0.6630074840737077
2023-07-28,441.33013916015625,0.9790315066457778
2023-07-31,442.1705322265625,0.1904227678638737
2023-08-01,440.9051818847656,-0.28616794869281703
2023-08-02,434.77178955078125,-1.3910910068612892
2023-08-03,433.52581787109375,-0.28658061760973297
2023-08-04,431.56512451171875,-0.45226680362505656
2023-08-07,435.33203125,0.8728478100595405
2023-08-08,433.4389343261719,-0.43486276863026196
2023-08-09,430.5412292480469,-0.6685382527136796
2023-08-10,430.6957702636719,0.03589459153421348
2023-08-11,430.4446716308594,-0.05830069625684109
2023-08-14,432.8207092285156,0.5519960529779544
2023-08-15,427.7788391113281,-1.1648865245321605
2023-08-16,424.6397399902344,-0.7338135583365823
2023-08-17,421.404052734375,-0.7619840893680285
2023-08-18,421.6068420410156,0.04812229624389097
2023-08-21,424.3500061035156,0.6506450533914965
2023-08-22,423.2005310058594,-0.27087901051563446
2023-08-23,427.9140319824219,1.1137748256977664
2023-08-24,421.9835510253906,-1.3859047644585898
2023-08-25,424.9584655761719,0.7049835339677069
2023-08-28,427.6533203125,0.6341454411725511
2023-08-29,433.8349304199219,1.4454722584416713
2023-08-30,435.6217956542969,0.41187675520859557
2023-08-31,434.9842834472656,-0.14634534208136651
2023-09-01,435.7956237792969,0.18652175789004577
2023-09-05,433.91217041015625,-0.432187306702847
2023-09-06,430.9952697753906,-0.6722329618015555
2023-09-07,429.67193603515625,-0.3070413605522959
2023-09-08,430.3191223144531,0.15062335354476541
2023-09-11,433.14910888671875,0.6576483417805479
2023-09-12,430.77301025390625,-0.5485636664287585
2023-09-13,431.27532958984375,0.11660882273971662
2023-09-14,434.9939270019531,0.8622328143939706
2023-09-15,429.7530517578125,-1.2048157270290072
2023-09-18,430.00506591796875,0.058641622002553184
2023-09-19,429.1132507324219,-0.20739643697988974
2023-09-20,425.16827392578125,-0.9193323207585036
2023-09-21,418.1409606933594,-1.6528310467606944
2023-09-22,417.20074462890625,-0.22485624534225312
2023-09-25,418.9551696777344,0.4205229907699781
2023-09-26,412.8001403808594,-1.4691379274802907
2023-09-27,412.9649353027344,0.039921236878193156
2023-09-28,415.359130859375,0.5797575900446716
2023-09-29,414.3510437011719,-0.2427025393946236
2023-10-02,414.1862487792969,-0.039771812906030934
2023-10-03,408.6419372558594,-1.338603476039557
2023-10-04,411.6176452636719,0.7281944745552105
2023-10-05,411.4625244140625,-0.037685665664310974
2023-10-06,416.3477783203125,1.1872901215503884
2023-10-09,419.0133361816406,0.6402238705540464
2023-10-10,421.19427490234375,0.5204938679464144
2023-10-11,422.9195556640625,0.40961638477132745
2023-10-12,420.3412170410156,-0.6096522585715913
2023-10-13,418.24755859375,-0.4980854511493993
2023-10-16,422.6481628417969,1.0521530030785486
2023-10-17,422.62872314453125,-0.004599498820700987
2023-10-18,416.9971923828125,-1.3325007159517788
2023-10-19,413.333251953125,-0.8786487047433011
2023-10-20,408.25421142578125,-1.2288003695187233
2023-10-23,407.5466613769531,-0.1733111451213465
2023-10-24,410.6192321777344,0.75391877592621
2023-10-25,404.72601318359375,-1.435202867358576
2023-10-26,399.8795471191406,-1.1974683876459058
2023-10-27,398.0669860839844,-0.4532767550164851
2023-10-30,402.82623291015625,1.1955894340777595
2023-10-31,405.3561096191406,0.6280317671239155
2023-11-01,409.6790771484375,1.066461668323826
2023-11-02,417.53033447265625,1.91644088315841
2023-11-03,421.339599609375,0.9123325474135635
2023-11-06,422.308837890625,0.2300373100815989
2023-11-07,423.51080322265625,0.2846176125593125
2023-11-08,423.8209533691406,0.073233113328941
2023-11-09,420.5157165527344,-0.7798663067815403
2023-11-10,427.0777893066406,1.5604821640675448
2023-11-13,426.6706848144531,-0.09532326484326115
2023-11-14,434.94842529296875,1.9400771539097805
2023-11-15,435.8692321777344,0.21170484388934874
2023-11-16,436.40234375,0.12230998035855922
2023-11-17,436.94512939453125,0.12437734405070788
2023-11-20,440.3086242675781,0.7697751151746646
2023-11-21,439.3489685058594,-0.21795070748729106
2023-11-22,441.04522705078125,0.38608456295925464
2023-11-24,441.316650390625,0.06154093122348048
2023-11-27,440.5218200683594,-0.18010431320959475
2023-11-28,440.95794677734375,0.09900229435098051
2023-11-29,440.64776611328125,-0.07034245925929827
2023-11-30,442.3828125,0.39374904859332815
2023-12-01,444.99993896484375,0.5915976821192048
2023-12-04,442.6639709472656,-0.5249367051627152
2023-12-05,442.5766906738281,-0.019717049311862578
2023-12-06,440.793212890625,-0.40297598603481477
2023-12-07,444.1566467285156,0.7630412037957557
2023-12-08,446.0661315917969,0.4299124818565092
2023-12-11,447.8011779785156,0.38896617874286665
2023-12-12,449.84637451171875,0.4567197751546015
2023-12-13,456.0498046875,1.3790108195302686
2023-12-14,457.513427734375,0.32093491365003946
2023-12-15,456.7601318359375,-0.16465000867140756
2023-12-18,459.3294372558594,0.5625064975777638
2023-12-19,462.1225891113281,0.6080933702302449
2023-12-20,455.7188720703125,-1.3857182470413565
2023-12-21,460.03985595703125,0.9481687398831484
2023-12-22,460.96441650390625,0.20097401016518912
2023-12-26,462.9108581542969,0.42225420893722276
2023-12-27,463.747802734375,0.18080037772609803
2023-12-28,463.9230041503906,0.03777946008209909
2023-12-29,462.5799255371094,-0.28950463789587655
2024-01-02,459.9912109375,-0.5596253656281247
2024-01-03,456.234619140625,-0.8166659943825372
2024-01-04,454.7650451660156,-0.32210926417146624
2024-01-05,455.38787841796875,0.1369571515167145
2024-01-08,461.88897705078125,1.4275958893323004
2024-01-09,461.18829345703125,-0.15169957036514914
2024-01-10,463.7964782714844,0.5655357803864502
2024-01-11,463.59210205078125,-0.04406592768121387
2024-01-12,463.9132995605469,0.06928450858949553
2024-01-16,462.21014404296875,-0.3671279782647918
2024-01-17,459.6408996582031,-0.555860665949981
2024-01-18,463.72833251953125,0.8892665696998758
2024-01-19,469.50933837890625,1.2466363286378401
2024-01-22,470.5019836425781,0.21142183605957765
2024-01-23,471.8742370605469,0.29165730765785547
2024-01-24,472.3900146484375,0.10930403641096209
2024-01-25,474.95928955078125,0.54388848677418
2024-01-26,474.3559265136719,-0.12703468494742465
2024-01-29,478.1125183105469,0.7919352509168531
2024-01-30,477.74267578125,-0.07735470524883326
2024-01-31,469.947265625,-1.6317173556878117
2024-02-01,476.0979919433594,1.3088120238723633
2024-02-02,481.1100158691406,1.0527294822906041
2024-02-05,479.3581848144531,-0.364122757145835
2024-02-06,480.7499694824219,0.290343361615375
2024-02-07,484.7595520019531,0.834026578066771
2024-02-08,484.97369384765625,0.044174858405310324
2024-02-09,487.7765808105469,0.5779461852153833
2024-02-12,487.56243896484375,-0.04390162507336148
2024-02-13,480.84722900390625,-1.3773025615334
2024-02-14,485.2170104980469,0.9087671157412824
2024-02-15,488.56488037109375,0.689973723223436
2024-02-16,486.1318664550781,-0.4979919789092513
2024-02-20,483.4555358886719,-0.5505359247321762
2024-02-21,483.8934326171875,0.09057642244403308
2024-02-22,493.9078674316406,2.06955377763427
2024-02-23,494.2485046386719,0.068967762915495
2024-02-26,492.438232421875,-0.3662676163522893
2024-02-27,493.35308837890625,0.18578085469356242
2024-02-28,492.7010192871094,-0.13217087460413168
2024-02-29,494.4723205566406,0.3595083428270973
2024-03-01,499.1145324707031,0.9388213902118192
2024-03-04,498.57928466796875,-0.10723947469227779
2024-03-05,493.5964050292969,-0.999415698145234
2024-03-06,496.0976257324219,0.5067339789430969
2024-03-07,501.0220642089844,0.9926349615748009
2024-03-08,498.0148010253906,-0.6002256983116405
2024-03-11,497.5865783691406,-0.08598592960857854
2024-03-12,502.9393615722656,1.0757491129822938
2024-03-13,502.1509704589844,-0.15675669345437404
2024-03-14,501.1583251953125,-0.1976786508576467
2024-03-15,497.71710205078125,-0.6866538918993581
2024-03-18,500.675048828125,0.5943028208506229
2024-03-19,503.4573669433594,0.5557133557477334
2024-03-20,508.1141052246094,0.9249518602781448
2024-03-21,509.793212890625,0.3304587785992297
2024-03-22,508.82672119140625,-0.1895850464031401
2024-03-25,507.4209899902344,-0.2762691389085026
2024-03-26,506.4837341308594,-0.1847097139976439
2024-03-27,510.7401428222656,0.8403840843399291
2024-03-28,510.6424560546875,-0.019126510604461355
2024-04-01,509.75408935546875,-0.17397039527077274
2024-04-02,506.5130310058594,-0.6358082097403739
2024-04-03,507.0694580078125,0.10985442977609061
2024-04-04,500.880126953125,-1.2206081350283449
2024-04-05,506.1127014160156,1.0446759975726305
2024-04-08,506.3958740234375,0.05595050403390811
2024-04-09,506.9815979003906,0.11566521510126826
2024-04-10,501.9051208496094,-1.0013138685516232
2024-04-11,505.6929626464844,0.7546927974082074
2024-04-12,498.71282958984375,-1.3803104991042203
2024-04-15,492.46490478515625,-1.2528101211725318
2024-04-16,491.5667724609375,-0.18237488915288091
2024-04-17,488.6575622558594,-0.591824014164688
2024-04-18,487.65203857421875,-0.2057726635803392
2024-04-19,483.3956604003906,-0.8728310018497609
2024-04-22,487.8472900390625,0.9209080683481252
2024-04-23,493.6363525390625,1.1866546393106914
2024-04-24,493.402099609375,-0.04745455404218113
2024-04-25,491.5276794433594,-0.3798970793799983
2024-04-26,496.1844177246094,0.9474010266367072
2024-04-29,497.9416198730469,0.35414295283509034
2024-04-30,490.0535888671875,-1.5841276750215183
2024-05-01,488.4622802734375,-0.32472134270631337
2024-05-02,493.03106689453125,0.9353407224271582
2024-05-03,499.1423645019531,1.2395360085349694
2024-05-06,504.296875,1.0326734143654814
2024-05-07,504.85345458984375,0.1103674477149541
2024-05-08,504.9021911621094,0.009653607759352312
2024-05-09,507.8114013671875,0.5761928262545624
2024-05-10,508.4655456542969,0.12881638445851884
2024-05-13,508.5337829589844,0.013420241601558303
2024-05-14,510.8670654296875,0.45882546035123095
2024-05-15,517.1930541992188,1.2382847119358775
2024-05-16,516.1289672851562,-0.20574269229312048
2024-05-17,516.8709106445312,0.14375154397507917
2024-05-20,517.4664916992188,0.11522820155323021
2024-05-21,518.7354736328125,0.2452297789228286
2024-05-22,517.2420043945312,-0.2879057466076418
2024-05-23,513.4638671875,-0.7304389772933906
2024-05-24,516.8611450195312,0.6616391238277064
2024-05-28,517.2224731445312,0.06990816169520908
2024-05-29,513.6004638671875,-0.7002807235585107
2024-05-30,510.1933898925781,-0.6633705018401992
2024-05-31,514.8403930664062,0.9108317092870521
2024-06-03,515.2601318359375,0.08152794053926105
2024-06-04,515.836181640625,0.11179786074948517
2024-06-05,521.9669189453125,1.1885047080622657
2024-06-06,521.9570922851562,-0.0018826212542566445
2024-06-07,521.3225708007812,-0.12156583247044939
2024-06-10,522.933349609375,0.308979295893419
2024-06-11,524.1926879882812,0.24082196705315084
2024-06-12,528.4979248046875,0.8213080638207026
2024-06-13,529.5621337890625,0.20136483691364226
2024-06-14,529.88427734375,0.060832059947824035
2024-06-17,534.1015625,0.7958879582898204
2024-06-18,535.4585571289062,0.2540705221970363
2024-06-20,534.0039672851562,-0.2716531138375
2024-06-21,533.2880249023438,-0.1340706112076817
2024-06-24,531.5545043945312,-0.32506271036742973
2024-06-25,533.6015014648438,0.38509636422781046
2024-06-26,534.2674560546875,0.12480373237624409
2024-06-27,535.1097412109375,0.15765234185698418
2024-06-28,533.0040283203125,-0.3935104761613628
2024-07-01,534.1008911132812,0.20578883736119824
2024-07-02,537.6953125,0.6729854689488501
2024-07-03,540.0947875976562,0.4462518162005047
2024-07-05,543.2093505859375,0.5766696994308873
2024-07-08,543.8360595703125,0.11537153837630765
2024-07-09,544.364990234375,0.0972592116235127
2024-07-10,549.7515869140625,0.9895193071413955
2024-07-11,545.0112915039062,-0.8622613418480696
2024-07-12,548.4490356445312,0.630765672971445
2024-07-15,549.9573364257812,0.27501202176014594
2024-07-16,553.2186279296875,0.5930080913369773
2024-07-17,545.4618530273438,-1.402117447015827
2024-07-18,541.2700805664062,-0.7684813223276632
2024-07-19,537.6757202148438,-0.6640604165301767
2024-07-22,543.2191162109375,1.0309924342275956
2024-07-23,542.3670654296875,-0.15685213495305605
2024-07-24,530.0755615234375,-2.2662703341900237
2024-07-25,527.3137817382812,-0.5210162447819466
2024-07-26,533.2194213867188,1.119947904446894
2024-07-29,533.532958984375,0.05880085853602335
2024-07-30,530.8297729492188,-0.5066577405643313
2024-07-31,539.4580688476562,1.6254355611027282
2024-08-01,531.8190307617188,-1.416057804502835
2024-08-02,521.9172973632812,-1.8618614276091905
2024-08-05,506.7171630859375,-2.91236453632302
2024-08-06,511.3888854980469,0.9219585900067662
2024-08-07,507.97076416015625,-0.6683996142312854
2024-08-08,519.7136840820312,2.3117314519645493
2024-08-09,522.0054321289062,0.440963576112674
2024-08-12,522.2797241210938,0.052545811845061685
2024-08-13,530.868896484375,1.6445540515162227
2024-08-14,532.5436401367188,0.315472174662057
2024-08-15,541.671630859375,1.7140361905951584
2024-08-16,542.8860473632812,0.22419791525347676
2024-08-19,548.0767822265625,0.9561370914747069
2024-08-20,547.1856079101562,-0.16260026793798454
2024-08-21,549.06591796875,0.3436329522216619
2024-08-22,544.7566528320312,-0.7848356628400333
2024-08-23,550.544921875,1.0625421484762532
2024-08-26,549.2324829101562,-0.2383890782924558
2024-08-27,549.9866333007812,0.13730986678519574
2024-08-28,546.7937622070312,-0.5805361258668706
2024-08-29,546.8428344726562,0.008974547446727321
2024-08-30,552.0629272460938,0.9545873959327711
2024-09-03,540.7020263671875,-2.0578996194471677
2024-09-04,539.5953369140625,-0.20467640200287907
2024-09-05,538.2828979492188,-0.24322652088685226
2024-09-06,529.2234497070312,-1.6830273220090564
2024-09-09,535.1488647460938,1.1196433269052397
2024-09-10,537.4797973632812,0.43556714229291416
2024-09-11,542.9937744140625,1.0258947550831232
2024-09-12,547.5675659179688,0.8423285347685106
2024-09-13,550.4273681640625,0.5222738569804486
2024-09-16,551.2402954101562,0.14769019367719682
2024-09-17,551.4655151367188,0.040856905497976825
2024-09-18,549.8300170898438,-0.2965730407402778
2024-09-19,559.2125244140625,1.7064378139772574
2024-09-20,558.2457885742188,-0.17287449719705084
2024-09-23,559.6408081054688,0.24989342683854332
2024-09-24,561.2420654296875,0.2861223307927485
2024-09-25,560.0042114257812,-0.2205561699938796
2024-09-26,562.2244873046875,0.3964748538682228
2024-09-27,561.4091186523438,-0.14502546060429777
2024-09-30,563.6588134765625,0.400722886300664
2024-10-01,558.6093139648438,-0.8958432638663472
2024-10-02,558.8450927734375,0.042208177110447664
2024-10-03,557.8234252929688,-0.18281765263400418
2024-10-04,562.892578125,0.908737891272482
2024-10-07,557.8038330078125,-0.9040348576167312
2024-10-08,563.0792236328125,0.9457429857650634
2024-10-09,566.9793701171875,0.6926461358692126
2024-10-10,565.9871215820312,-0.17500610912019043
2024-10-11,569.3763427734375,0.5988159557293038
2024-10-14,574.032958984375,0.8178450457311026
2024-10-15,569.5728759765625,-0.7769733319326511
2024-10-16,572.0485229492188,0.4346497308902908
2024-10-17,572.0975341796875,0.00856767013679427
2024-10-18,574.2981567382812,0.3846586337326485
2024-10-21,573.3550415039062,-0.16422048779181075
2024-10-22,573.050537109375,-0.05310922072517821
2024-10-23,567.8142700195312,-0.9137531074060123
2024-10-24,569.0423583984375,0.21628346516617825
2024-10-25,568.845947265625,-0.03451608301450193
2024-10-28,570.6044311523438,0.30913183000977895
2024-10-29,571.5277709960938,0.16181785372491042
2024-10-30,569.798828125,-0.302512486502704
2024-10-31,558.6289672851562,-1.9603165693758418
2024-11-01,560.9866333007812,0.42204506992948865
2024-11-04,559.7782592773438,-0.21540157139352534
2024-11-05,566.547119140625,1.2092037786568532
2024-11-06,580.6345825195312,2.4865475267573434
2024-11-07,585.1240844726562,0.773206090075429
2024-11-08,587.6586303710938,0.43316383066367425
2024-11-11,588.2186889648438,0.0953033895539468
2024-11-12,586.3914794921875,-0.3106343791748234
2024-11-13,586.6764526367188,0.04859776352446055
2024-11-14,582.9039916992188,-0.6430223883275521
2024-11-15,575.437744140625,-1.2808708921050571
2024-11-18,577.7955322265625,0.4097381706267278
2024-11-19,579.9075927734375,0.36553770825054066
2024-11-20,580.1041259765625,0.03389043454062879
2024-11-21,583.21826171875,0.5368235809295685
2024-11-22,585.0259399414062,0.3099488375636561
2024-11-25,587.0103149414062,0.3391943612276016
2024-11-26,590.075439453125,0.5221585436747667
2024-11-27,588.2874145507812,-0.3030163234722827
2024-11-29,591.9419555664062,0.621216929893964
2024-12-02,593.0030517578125,0.17925679729711153
2024-12-03,593.2778930664062,0.04634736832787034
2024-12-04,596.9619750976562,0.6209707245635743
2024-12-05,595.9796142578125,-0.16456003578503298
2024-12-06,597.1094360351562,0.1895738965418614
2024-12-09,594.034423828125,-0.5149830201059191
2024-12-10,592.1875,-0.3109119192492127
2024-12-11,596.7655639648438,0.7730767645118819
2024-12-12,593.690673828125,-0.5152593115945736
2024-12-13,593.5728149414062,-0.019851901320733223
2024-12-16,596.1072998046875,0.42698802901399713
2024-12-17,593.6513671875,-0.41199505827091976
2024-12-18,575.9584350585938,-2.980357345545892
2024-12-19,575.7816162109375,-0.030699931955724402
2024-12-20,582.6973266601562,1.201099558323726
2024-12-23,586.1865844726562,0.5988113644693316
2024-12-24,592.7020874023438,1.1115066605539958
2024-12-26,592.7415771484375,0.006662663576362249
2024-12-27,586.5020141601562,-1.0526616031051095
2024-12-30,579.8091430664062,-1.1411505727450755
2024-12-31,577.6998291015625,-0.36379453309209886
